<?xml version="1.0" encoding="UTF-8"?>
<beans xmlns="http://www.springframework.org/schema/beans"
  xmlns:xsi="http://www.w3.org/2001/XMLSchema-instance"
  xmlns:p="http://www.springframework.org/schema/p"
  xmlns:tx="http://www.springframework.org/schema/tx"
  xsi:schemaLocation="http://www.springframework.org/schema/beans
   http://www.springframework.org/schema/beans/spring-beans.xsd
   
   http://www.springframework.org/schema/tx
   http://www.springframework.org/schema/tx/spring-tx.xsd
   ">
 
  <bean id="config" class="mn.idax.data.bean.Config">
      
    <property name="timezone" value="${config.timezone}"/> 
    <property name="coreSocketUrl" value="${config.coreSocket.url}"/>    
    <property name="coreSocketPort" value="${config.coreSocket.port}"/>      
    <property name="interval" value="${config.interval}"/> 
    <property name="depthSnapshotMaxSize" value="${config.depth.snapshot.maxSize}"/> 
    <property name="pageSize" value="${config.page.size}"/> 
    <property name="appName" value="${config.app.name}"/> 
    <property name="serverId" value="${config.server.id}"/>        
     
    <property name="dataSocketPort" value="${config.dataSocket.port}"/>  
    
    <property name="maxQueryRequestSize" value="${config.maxQueryRequest.size}"/>      
    <property name="queryThreadsSize" value="${config.queryThreads.size}"/>  
    
    <property name="nioExpireSeconds" value="${config.nio.expire.seconds}"/>
    <property name="historyHours" value="${config.history.hours}"/>
    <property name="serverStatusUrls" value="${config.server.status.urls}"/>
    <property name="historySize" value="${config.history.size}"/>

  </bean>

    <bean id="dataSource" destroy-method="close" class="org.apache.commons.dbcp.BasicDataSource">

        <property name="driverClassName" value="${jdbc.driverClassName}"/>
        <property name="url" value="${jdbc.url}"/>
        <property name="username" value="${jdbc.username}"/>
        <property name="password" value="${jdbc.password}"/>
        <property name="initialSize" value="${jdbc.initialSize}"/>
        <property name="maxIdle" value="${jdbc.maxIdle}"/>
        <property name="minIdle" value="${jdbc.minIdle}"/>

    </bean>

    <bean id="simpleThreadFactory" class="mn.idax.common.util.SimpleThreadFactory" />
    
    
    <bean id="jedisPoolConfig" class="redis.clients.jedis.JedisPoolConfig">
      
	    <property name="maxTotal" value="${redis.maxTotal}"/>    
	    <property name="minIdle" value="${redis.minIdle}"/>   
	    <property name="maxIdle" value="${redis.maxIdle}"/>   
	    
	</bean>
  
    <bean id="jedisPool" class="redis.clients.jedis.JedisPool">
      
	    <constructor-arg index="0" ref="jedisPoolConfig"/>
	    <constructor-arg index="1" value="${redis.host}"/>
	    <constructor-arg index="2" value="${redis.port}"/>
	    <constructor-arg index="3" value="${redis.timeout}"/>
	    <!-- <constructor-arg index="4" value="${redis.password}"/> -->
	    <constructor-arg index="4">
	    	<null />
	    </constructor-arg>
	    <constructor-arg index="5" value="${redis.database}"/>
	    <constructor-arg index="6" value="${config.app.name}"/>
	    
	</bean>
  
</beans>