<?xml version="1.0" encoding="UTF-8"?>
<configuration scan="true" debug="false">

 	<property name="APP_NAME" value="iexchange-data-service"/>
 	
 	<contextName>${APP_NAME}</contextName>
 
    <property name="LOG_FILE" value="d:/tmp/log/${APP_NAME}/${APP_NAME}"/>

	<appender name="STDOUT" class="ch.qos.logback.core.ConsoleAppender"> 
	    <encoder>   
	      <pattern>%d{yyyy-MM-dd HH:mm:ss.SSS} [%thread] %-5level %logger{36} - %msg%n</pattern>   
	    </encoder>   
	  </appender>   
  
    <appender name="JSON_FORMAT" class="ch.qos.logback.core.rolling.RollingFileAppender">
        <file>${LOG_FILE}.log-json</file>
        <encoder class="net.logstash.logback.encoder.LogstashEncoder">
            <Encoding>UTF-8</Encoding>
        </encoder>
        <rollingPolicy class="ch.qos.logback.core.rolling.TimeBasedRollingPolicy">
            <fileNamePattern>${LOG_FILE}.log-json-%d{yyyy-MM-dd}</fileNamePattern>
            <maxHistory>3</maxHistory>
        </rollingPolicy>
    </appender>

    <root level="INFO">
        <appender-ref ref="JSON_FORMAT"/>
        <appender-ref ref="STDOUT" />
    </root>
</configuration>