<?xml version="1.0" encoding="UTF-8" ?>

<configuration>
  <appender name="STDOUT" class="ch.qos.logback.core.ConsoleAppender"> 
    <encoder>   
      <pattern>%d{yyyy-MM-dd HH:mm:ss.SSS} [%thread] %-5level %logger{36} - %msg%n</pattern>   
    </encoder>   
  </appender>   
  
  <appender name="FILE" class="ch.qos.logback.core.rolling.RollingFileAppender">
	<file>/opt/log/iexchange-data-service.log</file>
	
	<!-- set immediateFlush to false for much higher logging throughput -->
    <immediateFlush>true</immediateFlush>
    
    <rollingPolicy class="ch.qos.logback.core.rolling.FixedWindowRollingPolicy">
	  <fileNamePattern>/opt/log/iexchange-data-service.%i.log</fileNamePattern>
	  
      <minIndex>1</minIndex>
      <maxIndex>100</maxIndex>
    </rollingPolicy>

    <triggeringPolicy class="ch.qos.logback.core.rolling.SizeBasedTriggeringPolicy">
      <maxFileSize>10MB</maxFileSize>
    </triggeringPolicy>
    <encoder>
       <!-- <pattern>%-4relative [%thread] %-5level %logger{35} - %msg%n</pattern>  -->
      <pattern>%d{yyyy-MM-dd HH:mm:ss.SSS} [%thread] %-5level %logger{36} - %msg%n</pattern> 
    </encoder>
  </appender>
   
  <!-- <root level="INFO"> -->
  <root level="INFO">
    <appender-ref ref="FILE" />
    <appender-ref ref="STDOUT" />
  </root>
</configuration>